iso3,chamber,year,MAL2,MRB,TRB,DM
ALB,lower,2013,0.019765163,0.002523899,0.00202322,11.666667
ALB,lower,2017,0.013806375,-0.0007853508,0.06684971,11.666667
ARG,lower,2011,0.1393129,-0.0066227913,-0.21204662,5.4166665
ARG,lower,2013,0.14216538,-0.035321236,-0.057937622,5.2916665
ARG,lower,2015,0.13486162,0.010722399,0.007962704,5.4166665
ARG,upper,2001,0.4865922,0.06049919,0.13875628,3.0
ARG,upper,2003,0.47409564,-6.9618225e-05,-0.06728172,3.0
ARG,upper,2009,0.5283445,,,3.0
ARG,upper,2015,0.3225881,,,3.0
AUS,lower,2010,0.029427446,0.0004477501,0.3107252,1.0
AUS,upper,2001,0.39607835,-0.078116894,0.06546354,2.0
AUS,upper,2004,0.39719194,-0.047082424,0.18287563,2.0
AUS,upper,2007,0.39812893,-0.03720665,0.119167805,2.0
AUS,upper,2010,0.39820433,-0.058894157,0.060655594,2.0
AUS,upper,2013,0.38345942,-0.06892109,0.15035105,2.0
AUS,upper,2016,0.3985474,-0.06726694,-0.057621956,2.0
AUT,lower,1999,0.028086992,-0.00034809113,-0.025007725,17.222221
AUT,lower,2002,0.026356079,-0.0005168915,0.034861565,17.88889
AUT,lower,2006,0.037545905,-0.007293701,-0.019838333,17.0
AUT,lower,2008,0.0382799,-0.013582706,0.06628275,16.555555
AUT,lower,2013,0.050810598,-0.00415802,-0.2198534,16.0
BEL,lower,1999,0.027977679,-0.014629841,0.004301548,13.636364
BEL,lower,2003,0.032334454,-0.008565426,0.050043106,13.636364
BEL,lower,2007,0.03157136,-0.027269363,-0.052298546,13.636364
BEL,lower,2010,0.032504298,-0.0356946,-0.01510334,13.636364
BEL,lower,2014,0.032758407,-0.034208775,0.10587263,13.636364
BEN,lower,1995,0.049855556,,,4.6666665
BEN,lower,1999,0.055073198,,,3.4583333
BFA,lower,2007,0.090631194,,,2.1333334
BFA,lower,2012,0.1693356,,,2.7608695
BFA,lower,2015,0.16632327,,,2.7608695
BGD,lower,1996,0.09763842,,,1.0
BGD,lower,2001,0.09937967,,,1.0
BGR,lower,2001,0.02194377,-0.0027680397,0.007927418,7.7419353
BGR,lower,2005,0.021760106,-0.0038294792,0.000620842,7.7419353
BGR,lower,2013,0.034174915,0.0105781555,-0.15930033,7.7419353
BGR,lower,2014,0.036286395,0.014620781,0.02454853,7.7419353
BGR,lower,2017,0.0,,-0.045112133,7.7419353
BIH,lower,2018,0.22797175,,,4.2
BOL,lower,2009,0.30324575,-0.030940294,-0.20437479,1.5116279
BOL,upper,2002,0.38177705,0.13772249,-0.2482481,3.0
BOL,upper,2005,0.38645598,0.31835794,0.44407892,3.0
BOL,upper,2009,0.39217064,0.1931119,-0.07439375,4.0
BOL,upper,2014,0.39362153,0.061194897,-0.2546134,4.0
BRA,lower,2010,0.09658695,0.029776573,0.061036587,19.0
BRA,lower,2014,0.099969,-0.01906395,0.020611763,19.0
BRA,upper,1998,0.41741776,0.08003092,0.2963109,1.0
BRA,upper,2002,0.40983978,-0.017988682,0.016104698,2.0
BRA,upper,2006,0.40137565,-0.06570053,0.26769066,1.0
BRA,upper,2010,0.3956269,0.034352303,-0.024804115,2.0
BRA,upper,2014,0.39478672,-0.015795708,0.14614582,1.0
BRA,upper,2018,0.39065596,0.13484764,0.48814774,2.0
BRB,lower,1999,0.05522816,,,1.0
BRB,lower,2003,0.026581839,,,1.0
BTN,lower,2013,0.13928455,,,1.0
BTN,lower,2018,0.14024001,,,1.0
BTN,upper,2007,0.15601522,,,1.0
BTN,upper,2013,0.21049342,,,1.0
BWA,lower,2014,0.087305434,-0.0024471283,-0.1864295,1.0
CAN,lower,2015,0.06516499,-0.009135723,0.03853941,1.0
CHE,lower,2015,0.029865874,0.011193752,0.28534555,7.6923075
CHL,lower,2009,0.14408535,0.015972137,0.20884848,2.0
CHL,lower,2013,0.16104788,-0.027195454,0.13261986,2.0
CHL,upper,2001,0.2179591,-0.06541777,-0.0639019,2.0
CHL,upper,2005,0.3336106,-0.07597351,0.037832737,2.0
CHL,upper,2009,0.21934544,-0.06747675,-0.05097437,2.0
CHL,upper,2013,0.3452264,-0.04422617,0.07733011,2.0
CIV,lower,2011,0.26728335,,,1.2460732
CIV,lower,2016,0.24610204,,,1.2439024
COL,lower,2014,0.13792855,-0.0041823387,0.02414608,4.611111
COM,lower,2015,0.17128538,0.075912476,0.32447863,1.0
CPV,lower,2011,0.05902026,-0.0029320717,-0.1086936,5.5384617
CPV,lower,2016,0.07569932,-0.004512787,-0.043950558,5.5384617
CRI,lower,2010,0.021886647,0.0012364388,-0.019389153,8.142858
CRI,lower,2014,0.021548755,-0.00041532516,-0.044420242,8.142858
CYP,lower,2001,0.014876403,-0.00019741058,-0.02966547,9.333333
CYP,lower,2006,0.019517746,0.0030999184,-0.011394501,9.333333
CYP,lower,2011,0.015123587,-0.0011572838,-0.14247942,9.333333
CYP,lower,2016,0.014751397,-0.0005712509,-0.014949322,9.333333
CZE,lower,1996,0.030398827,-0.0029907227,0.0054502487,25.125
CZE,lower,1998,0.02120312,-0.005959034,0.0027246475,25.0
CZE,lower,2002,0.024645317,0.01377821,0.007347107,14.285714
CZE,lower,2006,0.02246135,0.012486458,0.0049476624,14.285714
CZE,lower,2010,0.026481321,0.024237633,0.051798344,14.285714
CZE,lower,2013,0.026379647,0.017103195,-0.11868429,14.285714
CZE,lower,2017,0.027347501,0.008028984,-0.05565071,14.285714
CZE,upper,2000,0.026304698,-0.004533291,2.2167592,1.0
CZE,upper,2002,0.027703492,0.0008883476,0.39994478,1.0
CZE,upper,2004,0.034136355,-0.00683403,1.6651707,1.0
CZE,upper,2006,0.030209636,-0.0010681152,1.0177097,1.0
CZE,upper,2008,0.030624107,-0.006385803,-1.0092587,1.0
CZE,upper,2010,0.038105585,-0.0014462471,-0.043902397,1.0
CZE,upper,2012,0.034568604,-0.0100364685,-0.31245422,1.0
CZE,upper,2014,0.03195146,0.006851673,-0.3213477,1.0
CZE,upper,2016,0.047108732,0.00051021576,0.6662631,1.0
CZE,upper,2020,0.035202287,,,1.0
DEU,lower,1998,0.07515053,-0.0041251183,-0.0036597252,1.9447675
DEU,lower,2002,0.10781915,0.026040077,0.16162968,1.9142857
DEU,lower,2005,0.059979945,-0.0018162727,0.048220158,1.9492064
DEU,lower,2009,0.07817093,0.009709835,0.12224817,1.9746032
DEU,lower,2013,0.06105093,-0.0025997162,-0.18474197,2.0031745
DNK,lower,1998,0.04405921,0.008027554,-0.0044779778,10.294118
DNK,lower,2001,0.06975036,0.00889349,-0.014598846,8.136364
DNK,lower,2005,0.064709514,0.0035691261,0.012567043,8.136364
DNK,lower,2007,0.04913592,0.006146908,0.00034332275,11.933333
DNK,lower,2011,0.07485708,0.0038962364,-0.0053019524,11.933333
DNK,lower,2015,0.040726673,0.015928268,0.039732456,14.666667
DOM,lower,2010,0.1093694,0.003914833,0.01911354,5.15625
DOM,lower,2016,0.059256732,-0.0076904297,0.03532219,5.5625
DOM,upper,2020,0.39675134,0.030369759,0.07666111,1.0
ECU,lower,2013,0.14363983,0.0074005127,-0.5159006,3.9142857
ESP,lower,1996,0.092268586,0.0055208206,0.036444664,6.730769
ESP,lower,2000,0.092797324,0.022998333,0.2957492,6.730769
ESP,lower,2004,0.097598664,0.038374424,0.20115566,6.730769
ESP,lower,2008,0.09879873,0.02675724,0.15173817,6.730769
ESP,lower,2011,0.09921983,0.027323246,0.2571349,6.730769
ESP,lower,2015,0.09960902,0.041235924,0.21380568,6.730769
ESP,lower,2016,0.097811714,0.043262005,0.079134464,6.730769
ESP,lower,2019,0.09946027,0.046905994,0.038022995,6.730769
ESP,lower,2019,0.09906992,0.045096874,-0.10677385,6.730769
ESP,upper,1996,0.3479203,0.067308426,0.4812188,3.5254238
ESP,upper,2000,0.3493535,0.07167435,0.6950121,3.5254238
ESP,upper,2004,0.34988242,0.10540056,0.48153496,3.5254238
ESP,upper,2008,0.3490021,0.068666935,0.2939391,3.5254238
ESP,upper,2011,0.3503131,0.06857252,0.77980614,3.5254238
ESP,upper,2015,0.35635456,0.18053627,1.1033058,3.5254238
ESP,upper,2019,0.35780618,0.15300274,-0.20802164,3.5254238
ESP,upper,2019,0.35846487,0.15832567,0.6277313,3.5254238
EST,lower,2003,0.05748055,0.0016942024,0.12611818,8.416667
EST,lower,2007,0.032816067,0.023298264,0.30503368,6.25
EST,lower,2011,0.045492068,-0.004076004,0.1323185,6.8333335
EST,lower,2015,0.08958677,0.03222704,-0.01677847,8.416667
FIN,lower,1999,0.019770913,-0.0055527687,0.08449173,13.333333
FIN,lower,2003,0.021265715,-0.00039100647,0.020483494,13.333333
FIN,lower,2007,0.017907914,0.0014920235,0.090703964,13.333333
FIN,lower,2011,0.018242601,0.003335476,0.0715456,13.333333
FIN,lower,2015,0.01827308,-0.00023317337,0.0331769,15.384615
FRA,lower,1997,0.0676069,-0.0006582737,0.73211694,1.0
FRA,lower,2002,0.07825723,-0.008104324,0.873178,1.0
FRA,lower,2007,0.08200601,-0.017163277,0.018499374,1.0
FRA,lower,2012,0.06532283,-0.011169434,0.04606867,1.0
GBR,lower,2001,0.049390696,-0.037608147,-0.06870031,1.0
GBR,lower,2005,0.0469165,-0.026361942,-0.12000084,1.0
GBR,lower,2010,0.04106637,-0.026299953,0.015571594,1.0
GBR,lower,2015,0.04230281,-0.026244164,0.14980745,1.0
GBR,lower,2017,0.04441535,-0.023874283,0.25342178,1.0
GBR,lower,2019,0.046167195,-0.013095379,0.3286152,1.0
GEO,lower,2016,0.017084463,0.0075445175,-0.6681924,2.0270271
GHA,lower,2012,0.18145923,-0.06098938,-0.23406029,1.0
GHA,lower,2016,0.17817672,-0.082280636,0.28840113,1.0
GMB,lower,2007,0.24301521,,,1.0
GMB,lower,2017,0.28123456,,,1.0
GNB,lower,2014,0.124704495,0.014467716,-0.3013718,3.5172415
GRC,lower,1996,0.042266168,-0.0060534477,0.0685339,5.142857
GRC,lower,2000,0.043855235,-0.0042648315,0.11013746,5.142857
GRC,lower,2004,0.044496357,-0.005680561,0.37269306,5.178571
GRC,lower,2007,0.047316592,-0.008268356,0.15578699,5.142857
GRC,lower,2009,0.046364572,-0.0061421394,0.13176107,5.142857
GRC,lower,2012,0.04820222,-0.010658264,0.53023005,5.142857
GRC,lower,2012,0.048236545,-0.008669376,0.55752754,5.142857
GRC,lower,2015,0.039117783,-0.009405613,-0.4712243,5.142857
GRC,lower,2015,0.038250536,-0.005402565,-0.45254946,5.142857
GTM,lower,2015,0.038100954,0.02460146,-0.23251724,6.5416665
GUY,lower,2015,0.22004919,,,2.5
HND,lower,2013,0.062058248,0.020578861,0.013838291,7.111111
HND,lower,2017,0.077818066,-0.007291794,-0.5528183,7.111111
HRV,lower,2000,0.07820566,-0.002272606,0.0065073967,9.4375
HRV,lower,2003,0.09563687,-0.00530529,0.01633215,8.941176
HRV,lower,2007,0.08625133,-0.004691124,-0.013202667,9.0
HRV,lower,2011,0.09869272,-0.004037857,0.041046143,8.882353
HRV,lower,2015,0.059081413,0.020849228,0.08013344,8.882353
HRV,lower,2016,0.062492155,0.020325184,0.016952038,9.0
HUN,lower,1998,0.074235976,-0.0001335144,-0.052894592,1.5510204
HUN,lower,2002,0.07873214,0.07359314,-0.10577154,1.6122448
HUN,lower,2006,0.08729272,0.007840633,0.21112823,1.6428572
HUN,lower,2010,0.11037539,0.00038337708,0.05694294,1.6479592
HUN,lower,2014,0.017046751,-0.00038576126,-0.08451557,1.8598131
IND,lower,2014,0.061659202,-0.066616535,0.6036892,1.0
IRL,lower,1997,0.024375085,-0.00010108948,0.09195757,4.0487804
IRL,lower,2002,0.029286858,-0.0040221214,0.13876104,3.952381
IRL,lower,2007,0.038932037,-0.018085957,0.2910161,3.860465
IRL,lower,2011,0.043631088,-0.029539585,0.204669,3.860465
IRL,lower,2016,0.03698845,-0.023103237,0.20290661,3.925
ISL,lower,2016,0.093628235,-0.029470444,0.16062164,10.5
ISL,lower,2017,0.09317933,-0.01911211,0.005363941,10.5
ITA,lower,2001,0.038124926,0.005545616,0.11453724,5.9615383
ITA,lower,2006,0.012627372,0.0029115677,-0.1763401,23.73077
ITA,lower,2008,0.012433723,0.0034942627,0.30085754,23.73077
ITA,lower,2013,0.013745845,0.004854679,-0.2975955,23.73077
ITA,lower,2018,0.06969866,0.0009713173,0.12285948,2.658228
ITA,upper,2001,0.08476501,,,2.1513944
ITA,upper,2006,0.053697105,,,10.5
ITA,upper,2008,0.055218454,,,10.5
ITA,upper,2013,0.062192347,,,10.5
JAM,lower,1997,0.075628996,,,1.0
JAM,lower,2002,0.07424441,,,1.0
JAM,lower,2007,0.09391143,,,1.0
JAM,lower,2011,0.076424636,,,1.0
JAM,lower,2016,0.07753748,,,1.0
JAM,lower,2020,0.07723979,,,1.0
JPN,lower,2009,0.06642755,0.017905712,-0.24181986,1.5434084
JPN,lower,2012,0.07146081,0.007927418,0.65939665,1.5434084
JPN,lower,2014,0.070570216,0.012928009,0.58250856,1.5522876
JPN,upper,2001,0.19493338,0.08644199,0.5542393,1.5531915
JPN,upper,2004,0.19739538,0.101213455,0.6217251,1.5531915
JPN,upper,2007,0.17740285,0.093939304,0.35715485,1.5531915
JPN,upper,2010,0.1808534,0.049502373,0.47224045,1.5531915
JPN,upper,2013,0.16061834,0.035915375,0.5475831,1.5531915
KEN,lower,1997,0.17410982,,,1.0
KEN,lower,2002,0.17104445,,,1.0
KEN,lower,2007,0.17992626,,,1.0
KOR,lower,2012,0.08372881,0.00013160706,0.15627337,1.2145749
LKA,lower,2015,0.054857083,,,8.909091
LKA,lower,2020,0.3711111,,,9.782609
LSO,lower,2012,0.036335878,0.00072717667,-0.01291275,1.4814814
LSO,lower,2015,0.036288526,0.0010957718,-0.009798527,1.4814814
LSO,lower,2017,0.035680283,0.0020313263,-0.015543461,1.4814814
LTU,lower,2000,0.015300467,-0.0063972473,0.20874691,1.9583334
LTU,lower,2004,0.019041259,-0.0025696754,0.16817236,1.9583334
LTU,lower,2008,0.023953458,-0.002093792,0.5215645,1.9583334
LTU,lower,2012,0.027960092,-0.0026750565,0.017102718,1.9583334
LVA,lower,1998,0.005046904,-0.00035572052,0.018212318,20.0
LVA,lower,2002,0.0070581585,0.006359577,-0.08392191,20.0
LVA,lower,2006,0.0058380365,0.0040750504,0.18365765,20.0
LVA,lower,2010,0.008881427,-0.0012955666,0.0111374855,20.0
LVA,lower,2011,0.0066164955,0.003317833,-0.067610264,20.0
LVA,lower,2014,0.00766436,-0.001824379,0.047154903,20.0
MEX,lower,2009,0.041670196,-0.0055918694,0.030105114,1.6393442
MEX,lower,2012,0.14978915,0.002102375,0.17642069,1.6393442
MEX,lower,2018,0.2,,,1.6611296
MEX,upper,2000,0.22968413,-0.0044202805,0.14231205,3.878788
MEX,upper,2006,0.22465365,0.0,0.0,3.878788
MEX,upper,2012,0.17265546,0.035045147,0.19020319,3.878788
MEX,upper,2018,0.2703738,,,3.878788
MKD,lower,2014,0.024882644,0.019849539,0.055241346,13.666667
MLT,lower,1996,0.008794133,-0.0003619194,0.03790617,5.0
MLT,lower,1998,0.012754194,-0.00019168854,0.015926361,5.0
MLT,lower,2003,0.016071651,-0.0003323555,0.016910553,5.0
MLT,lower,2008,0.009652801,-0.00059747696,-0.031018734,5.0
MLT,lower,2013,0.014529768,-0.0013065338,-0.041480064,5.0
MLT,lower,2017,0.013269648,0.0,0.0,5.0
MNG,lower,2012,0.15426819,0.0020709038,0.045186043,1.8461539
MOZ,lower,2014,0.024932737,,,22.545454
MUS,lower,2014,0.08104432,-0.0014371872,0.077943325,2.952381
MYS,lower,2018,0.17468487,0.0048463345,-0.02218771,1.0
NOR,lower,2013,0.03351242,-0.010798931,0.12732601,8.894737
NOR,lower,2017,0.039638385,-0.018580437,0.16947651,8.894737
NZL,lower,2014,0.007272295,-0.00014209747,0.026639462,1.6805556
PAK,lower,2002,0.07181911,,,1.0
PAK,lower,2008,0.09175656,,,1.0
PAK,lower,2013,0.08193022,,,1.0
PER,lower,2011,0.059166744,-0.017489433,-0.12078142,5.0
POL,lower,1997,0.020305764,-0.0024881363,0.07076168,7.519231
POL,lower,2001,0.014511449,-0.0072846413,-0.018668652,11.219512
POL,lower,2005,0.017266696,-0.016249418,0.13182187,11.219512
POL,lower,2007,0.020241667,-0.011727333,0.064181805,11.219512
POL,lower,2011,0.015268482,-0.0074567795,0.041822433,11.219512
POL,lower,2015,0.017522532,-0.011520863,-0.22498083,11.219512
POL,upper,2019,0.09283322,-0.009783745,0.031552315,1.0
PRT,lower,1999,0.012544174,-0.0010790825,0.012016296,11.3
PRT,lower,2002,0.016614605,0.0020127296,0.06746769,11.3
PRT,lower,2005,0.016608523,0.0045933723,0.13726044,11.3
PRT,lower,2009,0.023232222,0.001019001,0.1916337,11.3
PRT,lower,2011,0.02127487,-0.0015568733,0.23654127,11.3
PRY,lower,2018,0.055474415,-0.0013446808,0.06333017,4.4444447
ROU,lower,2000,0.032076664,0.010806322,-0.45798063,8.214286
ROU,lower,2004,0.03683033,-0.0018801689,-0.016293049,7.6190476
ROU,lower,2012,0.06765832,0.0005578995,0.36111116,1.0
ROU,lower,2016,0.026402356,0.026881695,0.042042255,7.255814
ROU,upper,2000,0.038730722,,,3.3333333
ROU,upper,2004,0.043538366,,,3.2619047
ROU,upper,2008,0.043985948,0.0043296814,0.1480217,3.2142856
ROU,upper,2012,0.064584695,-0.0094127655,0.016896725,4.142857
RUS,lower,2016,0.029779537,,,1.9911505
SEN,lower,2012,0.20714244,,,3.2608695
SLB,lower,2006,0.19835764,,,1.0
SLB,lower,2019,0.13665958,,,1.0
SLV,lower,2012,0.033876747,0.0036449432,0.029460907,6.0
SLV,lower,2015,0.035495155,0.009658337,0.00021600723,6.0
SVN,lower,2000,0.086060174,-0.0025296211,0.8984785,1.0
SVN,lower,2004,0.096585944,-0.009892464,0.8490658,1.0
SVN,lower,2008,0.10034075,-0.004740715,-0.09447384,1.0
SVN,lower,2014,0.1045692,-0.019901276,-0.05894804,1.0
SWE,lower,1998,0.03023603,-0.0014839172,-0.0022673607,12.034483
SWE,lower,2002,0.019967828,-0.0062441826,-0.0010266304,12.034483
SWE,lower,2006,0.034703076,-0.0063209534,-0.010122299,12.034483
SWE,lower,2010,0.03750167,-0.009363651,-0.012238979,12.034483
SWE,lower,2014,0.03928045,-0.0016083717,0.088814735,12.034483
TGO,lower,2013,0.20995617,,,3.0333333
TTO,lower,2015,0.026856381,,,1.0
TTO,lower,2020,0.029424887,,,1.0
TUN,lower,2011,0.08378978,,,7.3461537
TUN,lower,2014,0.07220223,,,6.5757575
TUR,lower,2011,0.082838915,0.03295374,0.070538044,6.7901235
TUR,lower,2015,0.08300228,-0.008573055,0.091394424,6.470588
TUR,lower,2015,0.08173157,-0.021506786,0.05689287,6.470588
URY,lower,2014,0.032140322,0.0072779655,0.004213333,5.2105265
USA,lower,2010,0.0,,0.037494183,1.0
USA,lower,2012,0.0,,0.18146515,1.0
USA,lower,2014,0.0,,0.17213202,1.0
USA,lower,2016,0.019810058,0.0016932487,0.13614178,1.0
USA,upper,2000,0.3749304,0.06655836,-0.084145546,1.0
USA,upper,2002,0.3313098,0.08444548,0.336195,1.0
USA,upper,2004,0.3498658,0.10494661,0.28188992,1.0
USA,upper,2006,0.36838907,0.083033085,-0.4441085,1.0
USA,upper,2008,0.33874807,0.035220623,-0.19533777,1.0
USA,upper,2010,0.34772104,0.108736515,0.50273323,1.0
USA,upper,2012,0.37289208,0.12952948,-0.5045929,1.0
USA,upper,2014,0.335676,0.06864357,0.3686366,1.0
USA,upper,2016,0.34027767,0.24840021,0.5949321,1.0
ZAF,lower,2014,0.006441579,-0.001270771,-0.10869789,22.222221
ZMB,lower,2011,0.18851584,0.12975979,0.037902355,1.0
ZMB,lower,2016,0.20439255,0.09691286,-0.3556652,1.0
